{
    "maths": {
        "teachers": [
            {
                "name": "sherbo",
                "link": "sherbo",
                "courses": [
                    {
                        "name": "Course 1",
                        "description": "Geometry",
                        "videos": [
                            {
                                "id": "F1hviWaFFuk",
                                "title": "S1 | Line Segment",
                                "duration": "01:12:57",
                                "jsid": 0
                            },
                            {
                                "id": "MoC4K8o4yyw",
                                "title": "Vectors Section 1",
                                "duration": "01:25:26",
                                "jsid": 1
                            },
                            {
                                "id": "SbBqvVClyIk",
                                "title": "Vectors Section 2",
                                "duration": "01:24:39",
                                "jsid": 2
                            },
                            {
                                "id": "oUkuVAuTcQU",
                                "title": "Vectors Section 3",
                                "duration": "01:13:36",
                                "jsid": 3
                            },
                            {
                                "id": "obX5iigpK0o",
                                "title": "Vectors Cw & Hw",
                                "duration": "06:28:53",
                                "jsid": 4
                            }
                        ],
                        "playlist_id": "PLM-GVlebsoPX-oiViPP4obnYFhBDIkO3u",
                        "folder": "https://drive.google.com/drive/folders/1Y13lbFGxPfcckqdzJolxUojOppOjVyT4?usp=drive_link"
                    },
                    {
                        "name": "Course 2",
                        "description": "Algebra",
                        "videos": [
                            {
                                "id": "T0dL1GJaKXw",
                                "title": "Matrices",
                                "duration": "02:03:15",
                                "jsid": 0
                            },
                            {
                                "id": "bRQwcLZYs8Q",
                                "title": "Matrices Cw & Hw",
                                "duration": "05:42:02",
                                "jsid": 1
                            },
                            {
                                "id": "xDXpuWrWOAM",
                                "title": "Determinants",
                                "duration": "01:41:41",
                                "jsid": 2
                            },
                            {
                                "id": "7ygsTczPqEM",
                                "title": "Determinants Cw & Hw",
                                "duration": "01:58:31",
                                "jsid": 3
                            },
                            {
                                "id": "AndHFxMEm64",
                                "title": "Multiplicative inverse of a matrix",
                                "duration": "00:46:36",
                                "jsid": 4
                            },
                            {
                                "id": "_xXzwsALixQ",
                                "title": "Multiplicative inverse of a matrix Cw & Hw",
                                "duration": "01:59:15",
                                "jsid": 5
                            }
                        ],
                        "playlist_id": "PLM-GVlebsoPXguCVeMZXSyJoTE-qzcMsk",
                        "folder": "https://drive.google.com/drive/folders/1FgEXcSlw_FF_UI-8vKIM-2RGeFThr_D1?usp=drive_link"
                    },
                    {
                        "name": "Course 3",
                        "description": "Trigonometry",
                        "videos": [
                            {
                                "id": "eE9jGNS9ASg",
                                "title": "Trigonometry",
                                "duration": "01:29:28",
                                "jsid": 0
                            },
                            {
                                "id": "TVngD3GWOj4",
                                "title": "Trigonometry Cw",
                                "duration": "02:25:58",
                                "jsid": 1
                            },
                            {
                                "id": "i1OLQRXJEdk",
                                "title": "Trigonometry Hw",
                                "duration": "03:19:56",
                                "jsid": 2
                            },
                            {
                                "id": "yTD_SJ_drw0",
                                "title": "Angles of elevations & depressions",
                                "duration": "00:35:49",
                                "jsid": 3
                            },
                            {
                                "id": "eKGv1CtLSYM",
                                "title": "Angles of elevations & depressions Cw & Hw",
                                "duration": "01:47:43",
                                "jsid": 4
                            },
                            {
                                "id": "icTQoeyqIVo",
                                "title": "Sectors & segments & areas",
                                "duration": "01:53:12",
                                "jsid": 5
                            },
                            {
                                "id": "Mhl8J9tNzd0",
                                "title": "Sectors & segments & areas Cw & Hw",
                                "duration": "07:25:57",
                                "jsid": 6
                            },
                            {
                                "id": "11xPsRyp42o",
                                "title": "Solving Right Angle Triangle CwHw",
                                "duration": "02:07:11",
                                "jsid": 7
                            }
                        ],
                        "playlist_id": "PLM-GVlebsoPUA30_VDb2tf-PlOErLWh9P",
                        "folder": "https://drive.google.com/drive/folders/13h3d0Y-s2KFc25858GogbngKm0AYJGPC?usp=drive_link"
                    },
                    {
                        "name": "Course 4",
                        "description": "Geometry",
                        "videos": [
                            {
                                "id": "CZNofnmiE5s",
                                "title": "Equation of  straight line",
                                "duration": "01:18:18",
                                "jsid": 0
                            },
                            {
                                "id": "yGM_nkZx5Bw",
                                "title": "Division of straight line",
                                "duration": "00:39:00",
                                "jsid": 1
                            },
                            {
                                "id": "xm5JAzDT_eI",
                                "title": "Straight line Rules Part 1",
                                "duration": "03:00:48",
                                "jsid": 2
                            },
                            {
                                "id": "IO2M66GfYh4",
                                "title": "Straight line Rules Part 2",
                                "duration": "00:36:19",
                                "jsid": 3
                            },
                            {
                                "id": "cg6sRFM8GbM",
                                "title": "Equation of straight line Cw & Hw",
                                "duration": "04:22:13",
                                "jsid": 4
                            },
                            {
                                "id": "4vH7RCitLWA",
                                "title": "Line segment division Cw & Hw",
                                "duration": "03:48:20",
                                "jsid": 5
                            }
                        ],
                        "playlist_id": "PLM-GVlebsoPU01UyNRZ6B3VGkEuv_Kp49",
                        "folder": "https://drive.google.com/drive/folders/10H7pk3u_8PDtYZJ8hHZDMukKRFoKpCs7?usp=drive_link"
                    },
                    {
                        "name": "Course 5",
                        "description": "Final Rev",
                        "videos": [
                            {
                                "id": "3gy9Wu-uyIo",
                                "title": "Linear programming",
                                "duration": "01:54:20",
                                "jsid": 0
                            },
                            {
                                "id": "2-nfZ2PCaY8",
                                "title": "Algebra Summary + Solving",
                                "duration": "05:57:09",
                                "jsid": 1
                            },
                            {
                                "id": "Iu6a8u3GKyk",
                                "title": "Trigonometry Summary",
                                "duration": "00:48:26",
                                "jsid": 2
                            },
                            {
                                "id": "kXBxloXsPnw",
                                "title": "Trigonometry Solving",
                                "duration": "04:16:53",
                                "jsid": 3
                            },
                            {
                                "id": "uXkjFSQLK8M",
                                "title": "Geometry Summary",
                                "duration": "01:57:22",
                                "jsid": 4
                            },
                            {
                                "id": "vO1YOenXRGc",
                                "title": "Geometry Solving Part 1",
                                "duration": "00:57:24",
                                "jsid": 5
                            },
                            {
                                "id": "0Jwft0r43tk",
                                "title": "Geometry Solving Part 2",
                                "duration": "05:24:31",
                                "jsid": 6
                            },
                            {
                                "id": "j5gf0hl1-RY",
                                "title": "Model 1",
                                "duration": "01:33:43",
                                "jsid": 7
                            },
                            {
                                "id": "lwvygYcxdUg",
                                "title": "Model 2",
                                "duration": "01:08:29",
                                "jsid": 8
                            },
                            {
                                "id": "UK8ijdRJoGs",
                                "title": "Models 3 4 5",
                                "duration": "02:34:50",
                                "jsid": 9
                            }
                        ],
                        "playlist_id": "PLM-GVlebsoPVkuIvkSy688-Dxz-A7auKU",
                        "folder": "https://drive.google.com/drive/folders/1gtFy5XfOUrqgMb3ZhV_f91lpcbHBCTtU?usp=drive_link"
                    }
                ],
                "description": "Second Term"
            }
        ]
    },
    "arabic": {
        "teachers": [
            {
                "name": "Mr. Reda el farouk",
                "link": "redaelfarouk",
                "courses": [
                    {
                        "name": "Month 1",
                        "description": "4 Sessions",
                        "videos": [
                            {
                                "id": "Iaot-doF3PI",
                                "title": "S1 | \u0627\u0644\u0645\u0642\u062f\u0645\u0629",
                                "duration": "00:04:25",
                                "jsid": 0
                            },
                            {
                                "id": "HSAmZn3YyRE",
                                "title": "S1 | \u0627\u0644\u0646\u062d\u0648",
                                "duration": "01:20:17",
                                "jsid": 1
                            },
                            {
                                "id": "6AGjYFx7PZY",
                                "title": "S1 | \u0627\u0644\u0642\u0635\u0647",
                                "duration": "00:27:15",
                                "jsid": 2
                            },
                            {
                                "id": "EYSu7OAYoRA",
                                "title": "S1 | \u0627\u0644\u0627\u062f\u0628",
                                "duration": "00:13:00",
                                "jsid": 3
                            }
                        ],
                        "playlist_id": "PLM-GVlebsoPW0Pgrg9tOJKCp0XtSFKoWd",
                        "folder": ""
                    }
                ],
                "description": "Year 2024/2025"
            }
        ]
    }
}