{
    "maths": {
        "teachers": [
            {
                "name": "sherbo",
                "link": "sherbo",
                "courses": [
                    {
                        "name": "Course 1",
                        "description": "Geometry",
                        "videos": "",
                        "playlist_id": "",
                        "folder": "https://drive.google.com/drive/folders/1Y13lbFGxPfcckqdzJolxUojOppOjVyT4?usp=drive_link"
                    },
                    {
                        "name": "Course 2",
                        "description": "Algebra",
                        "videos": "",
                        "playlist_id": "",
                        "folder": "https://drive.google.com/drive/folders/1FgEXcSlw_FF_UI-8vKIM-2RGeFThr_D1?usp=drive_link"
                    },
                    {
                        "name": "Course 3",
                        "description": "Trigonometry",
                        "videos": "",
                        "playlist_id": "",
                        "folder": "https://drive.google.com/drive/folders/13h3d0Y-s2KFc25858GogbngKm0AYJGPC?usp=drive_link"
                    },
                    {
                        "name": "Course 4",
                        "description": "Geometry",
                        "videos": "",
                        "playlist_id": "",
                        "folder": "https://drive.google.com/drive/folders/1gtFy5XfOUrqgMb3ZhV_f91lpcbHBCTtU?usp=drive_link"
                    },
                    {
                        "name": "Course 5",
                        "description": "Final Rev",
                        "videos": "",
                        "playlist_id": "",
                        "folder": "https://drive.google.com/drive/folders/1gtFy5XfOUrqgMb3ZhV_f91lpcbHBCTtU?usp=drive_link"
                    }
                ],
                "description": ""
            }
        ]
    }
}