{
    "maths": {
        "teachers": [
            {
                "name": "Mr. Omar Sherbeny",
                "link": "sherbo",
                "courses": [
                    {
                        "name": "Statics",
                        "description": "12 Sessions + Revisions",
                        "videos": [
                            {
                                "id": "972rnFrQy94",
                                "title": "S1 | Skills",
                                "duration": "00:53:04",
                                "jsid": 0
                            },
                            {
                                "id": "k8poF0-zSYc",
                                "title": "S1 | Prestudy",
                                "duration": "00:53:36",
                                "jsid": 1
                            },
                            {
                                "id": "bZzsc6tiurk",
                                "title": "S1 |  Explanation",
                                "duration": "01:35:37",
                                "jsid": 2
                            },
                            {
                                "id": "rnsxPItgyPk",
                                "title": "S1 | problems",
                                "duration": "01:00:30",
                                "jsid": 3
                            },
                            {
                                "id": "g_0Abj_oZjg",
                                "title": "S1 | Classwork solve",
                                "duration": "02:44:03",
                                "jsid": 4
                            },
                            {
                                "id": "ZZihjTjd7Vc",
                                "title": "S1 |  Homework solve",
                                "duration": "03:49:15",
                                "jsid": 5
                            },
                            {
                                "id": "UP55KddZzpc",
                                "title": "S2 | Prestudy",
                                "duration": "00:38:19",
                                "jsid": 6
                            },
                            {
                                "id": "246oU11_7-I",
                                "title": "S2 | Skillis",
                                "duration": "00:19:41",
                                "jsid": 7
                            },
                            {
                                "id": "obL8HHOKuyI",
                                "title": "S2 | Explain",
                                "duration": "01:40:29",
                                "jsid": 8
                            },
                            {
                                "id": "xAPg0YEjtwU",
                                "title": "S2 | Problems",
                                "duration": "01:07:20",
                                "jsid": 9
                            },
                            {
                                "id": "-LSh761n3pU",
                                "title": "S2 | Classwork",
                                "duration": "01:20:05",
                                "jsid": 10
                            },
                            {
                                "id": "FFQmbcXgf2E",
                                "title": "S2 | Homework",
                                "duration": "05:28:31",
                                "jsid": 11
                            },
                            {
                                "id": "Uk-QudFdSNs",
                                "title": "S3 | Pre study",
                                "duration": "00:21:03",
                                "jsid": 12
                            },
                            {
                                "id": "GpSC479Y8Ko",
                                "title": "S3 | Explanation",
                                "duration": "00:42:48",
                                "jsid": 13
                            },
                            {
                                "id": "VL0leJVrQ7U",
                                "title": "S3 | Part 1 Problems",
                                "duration": "00:32:24",
                                "jsid": 14
                            },
                            {
                                "id": "dHwV4MlxrfY",
                                "title": "S3 | Part 2",
                                "duration": "00:59:18",
                                "jsid": 15
                            },
                            {
                                "id": "R80uBO6kkaQ",
                                "title": "S3 | Part 3",
                                "duration": "01:11:41",
                                "jsid": 16
                            },
                            {
                                "id": "LAdG7jkE6lc",
                                "title": "S3 | Classwork solve",
                                "duration": "00:59:11",
                                "jsid": 17
                            },
                            {
                                "id": "hb7Hk1aXxAI",
                                "title": "S3 | Homework",
                                "duration": "05:13:15",
                                "jsid": 18
                            },
                            {
                                "id": "uYIMU-Ysl5Q",
                                "title": "S4 | Part1 | Explanation",
                                "duration": "00:39:42",
                                "jsid": 19
                            },
                            {
                                "id": "kqCyVJbBA_I",
                                "title": "S4 | Part1 | Problems",
                                "duration": "01:24:41",
                                "jsid": 20
                            },
                            {
                                "id": "poL7_5zTW3I",
                                "title": "S4 | Part2 | Explanation",
                                "duration": "00:37:35",
                                "jsid": 21
                            },
                            {
                                "id": "LL7nRDzM5pA",
                                "title": "S4 | Part2 | Problems",
                                "duration": "01:40:31",
                                "jsid": 22
                            },
                            {
                                "id": "aY1LwuafOMY",
                                "title": "S4 | Classwork",
                                "duration": "01:01:09",
                                "jsid": 23
                            },
                            {
                                "id": "Q3IdfH4bXMQ",
                                "title": "S4 | Homework",
                                "duration": "05:37:36",
                                "jsid": 24
                            },
                            {
                                "id": "xFhSphQ_iZ0",
                                "title": "S5 | Skills",
                                "duration": "00:38:42",
                                "jsid": 25
                            },
                            {
                                "id": "KJpM67YkbW8",
                                "title": "S5 | Prestudy",
                                "duration": "00:28:04",
                                "jsid": 26
                            },
                            {
                                "id": "k9n0t5uytuo",
                                "title": "S5 | Explain",
                                "duration": "01:27:59",
                                "jsid": 27
                            },
                            {
                                "id": "aUNal3PImmY",
                                "title": "S5 | Problems",
                                "duration": "01:56:19",
                                "jsid": 28
                            },
                            {
                                "id": "p0tkXbjsIgE",
                                "title": "S5 | Homework",
                                "duration": "08:35:47",
                                "jsid": 29
                            },
                            {
                                "id": "zn8DTZhVQkA",
                                "title": "S6 | Explain",
                                "duration": "01:20:04",
                                "jsid": 30
                            },
                            {
                                "id": "3jroT8AI95I",
                                "title": "S6 | Problems",
                                "duration": "01:49:23",
                                "jsid": 31
                            },
                            {
                                "id": "zrlKHKxvC8M",
                                "title": "S6 | Homework",
                                "duration": "04:36:28",
                                "jsid": 32
                            },
                            {
                                "id": "esVdbO2zGTQ",
                                "title": "S7 | Explain",
                                "duration": "00:20:46",
                                "jsid": 33
                            },
                            {
                                "id": "nJ7ieDlxWpQ",
                                "title": "S7 | Problems",
                                "duration": "02:08:53",
                                "jsid": 34
                            },
                            {
                                "id": "Zzq3eXZdlwM",
                                "title": "S7 | Classwork",
                                "duration": "01:09:41",
                                "jsid": 35
                            },
                            {
                                "id": "yqL2jdVjBL4",
                                "title": "S7 | Homework",
                                "duration": "03:31:14",
                                "jsid": 36
                            },
                            {
                                "id": "xrDdjqzQ9c4",
                                "title": "S8 | Explain",
                                "duration": "01:17:09",
                                "jsid": 37
                            },
                            {
                                "id": "Od_GbVHNarI",
                                "title": "S8 | Problems",
                                "duration": "01:50:05",
                                "jsid": 38
                            },
                            {
                                "id": "pLR-rbNjl1o",
                                "title": "S8 | Classwork",
                                "duration": "01:09:09",
                                "jsid": 39
                            },
                            {
                                "id": "K7bIjVV55YI",
                                "title": "S8 | Homework",
                                "duration": "03:14:26",
                                "jsid": 40
                            },
                            {
                                "id": "heAtA_Yg5FY",
                                "title": "S9 | Explain",
                                "duration": "01:03:00",
                                "jsid": 41
                            },
                            {
                                "id": "cXEAguC6xxk",
                                "title": "S9 | Problems",
                                "duration": "00:57:45",
                                "jsid": 42
                            },
                            {
                                "id": "6EEjsox-XlA",
                                "title": "S9 | Classwork",
                                "duration": "00:45:41",
                                "jsid": 43
                            },
                            {
                                "id": "tTdR8lb_JNQ",
                                "title": "S9 | Homework",
                                "duration": "02:54:21",
                                "jsid": 44
                            },
                            {
                                "id": "TyUaOKKf8yI",
                                "title": "S10 | Skills",
                                "duration": "00:29:22",
                                "jsid": 45
                            },
                            {
                                "id": "zie50NHP5gY",
                                "title": "S10 | Explain",
                                "duration": "01:06:58",
                                "jsid": 46
                            },
                            {
                                "id": "pWs77QuJSoY",
                                "title": "S10 | Problems",
                                "duration": "01:05:11",
                                "jsid": 47
                            },
                            {
                                "id": "6bZ8DoSRRnQ",
                                "title": "S10 | Classwork",
                                "duration": "01:03:12",
                                "jsid": 48
                            },
                            {
                                "id": "lIP1dx9lvMw",
                                "title": "S10 | Homework",
                                "duration": "03:17:34",
                                "jsid": 49
                            },
                            {
                                "id": "EYiKnB4ZdFM",
                                "title": "S11 | Skills",
                                "duration": "00:43:32",
                                "jsid": 50
                            },
                            {
                                "id": "l8KunxKtsMo",
                                "title": "S11 | Explain",
                                "duration": "01:26:36",
                                "jsid": 51
                            },
                            {
                                "id": "yxfi-A9_0Jg",
                                "title": "S11 | Problems",
                                "duration": "01:21:31",
                                "jsid": 52
                            },
                            {
                                "id": "epguMxj-b20",
                                "title": "S11 | Classwork",
                                "duration": "01:47:46",
                                "jsid": 53
                            },
                            {
                                "id": "UHWYI6_qo3M",
                                "title": "S11 | Homework",
                                "duration": "05:18:57",
                                "jsid": 54
                            },
                            {
                                "id": "DLM7Vpn9h4w",
                                "title": "S12 | Skills",
                                "duration": "00:20:38",
                                "jsid": 55
                            },
                            {
                                "id": "b6MfUDY6jNY",
                                "title": "S12 | Explain",
                                "duration": "00:52:46",
                                "jsid": 56
                            },
                            {
                                "id": "J5LaRccybbo",
                                "title": "S12 | Problems",
                                "duration": "01:50:38",
                                "jsid": 57
                            },
                            {
                                "id": "nb7B950euuE",
                                "title": "S12 | Classwork",
                                "duration": "01:45:44",
                                "jsid": 58
                            },
                            {
                                "id": "gUjFg-TnXn8",
                                "title": "S12 | Homework",
                                "duration": "06:38:07",
                                "jsid": 59
                            },
                            {
                                "id": "aGLDtfjgOuc",
                                "title": "Chapter 1 Summary",
                                "duration": "01:36:00",
                                "jsid": 60
                            },
                            {
                                "id": "SgdHVfFmIH8",
                                "title": "Chapter 1 problems",
                                "duration": "02:39:15",
                                "jsid": 61
                            },
                            {
                                "id": "qAsLF_g8qYU",
                                "title": "Chapter 2  Summary",
                                "duration": "01:55:32",
                                "jsid": 62
                            },
                            {
                                "id": "llk2eLKjwig",
                                "title": "Chapter 2 Problems",
                                "duration": "03:13:30",
                                "jsid": 63
                            },
                            {
                                "id": "ZxwuQTxzinE",
                                "title": "Chapter 3 Summary",
                                "duration": "01:09:45",
                                "jsid": 64
                            },
                            {
                                "id": "_uXC2xe0EI4",
                                "title": "Chapter 3 problems",
                                "duration": "04:11:03",
                                "jsid": 65
                            },
                            {
                                "id": "WfDOaTRwyUc",
                                "title": "Chapter 4 Summary",
                                "duration": "01:36:21",
                                "jsid": 66
                            },
                            {
                                "id": "0q4p1akHUF8",
                                "title": "Chapter 4 Problems",
                                "duration": "03:28:09",
                                "jsid": 67
                            },
                            {
                                "id": "Siq73YwRIyE",
                                "title": "Chapter 5 Summary",
                                "duration": "00:27:41",
                                "jsid": 68
                            },
                            {
                                "id": "6PM8kXvniuA",
                                "title": "Chapter 5 Proplems",
                                "duration": "02:10:41",
                                "jsid": 69
                            },
                            {
                                "id": "iLOCuqlzoAs",
                                "title": "Chapter 6 Summary",
                                "duration": "01:07:59",
                                "jsid": 70
                            },
                            {
                                "id": "NLFaU_JreZo",
                                "title": "Chapter 6 Proplems",
                                "duration": "04:01:08",
                                "jsid": 71
                            }
                        ],
                        "playlist_id": "PLM-GVlebsoPX_3mlaOeWIjCPY8jH8MpfJ",
                        "folder": "https://drive.google.com/drive/folders/192Zd0BMB0-ohwV2dYsSJvFB651d7qXAS?usp=drive_link"
                    },
                    {
                        "name": "Calculus",
                        "description": "10 Sessions + Revision",
                        "videos": [
                            {
                                "id": "7BkflzSCJSc",
                                "title": "S1 | Skills",
                                "duration": "01:15:57",
                                "jsid": 0
                            },
                            {
                                "id": "CNKX3UOPdlQ",
                                "title": "S1 | Part 1 | Explain",
                                "duration": "01:49:06",
                                "jsid": 1
                            },
                            {
                                "id": "vJoWf2neJaM",
                                "title": "S1 | Part 1 | Classwork",
                                "duration": "00:38:44",
                                "jsid": 2
                            },
                            {
                                "id": "mEuxg-wr36A",
                                "title": "S1 | Part 2 | Explain",
                                "duration": "01:07:32",
                                "jsid": 3
                            },
                            {
                                "id": "_YEjOfDkUHc",
                                "title": "S1 | Part 2 | Classwork",
                                "duration": "00:25:53",
                                "jsid": 4
                            },
                            {
                                "id": "Tgb1MgFpVLY",
                                "title": "S1 | Part 3 | Explain",
                                "duration": "01:43:48",
                                "jsid": 5
                            },
                            {
                                "id": "zRxyHwABUc0",
                                "title": "S1 | Part 3 | Classwork",
                                "duration": "00:09:02",
                                "jsid": 6
                            },
                            {
                                "id": "ZEcabe4DkM8",
                                "title": "S1 | Homework",
                                "duration": "07:26:39",
                                "jsid": 7
                            },
                            {
                                "id": "H14xZscRYZ4",
                                "title": "S2 | Skills",
                                "duration": "01:55:38",
                                "jsid": 8
                            },
                            {
                                "id": "Dsj5K0GBXWQ",
                                "title": "S2 | Part 1",
                                "duration": "03:17:19",
                                "jsid": 9
                            },
                            {
                                "id": "jUBDSjdTl8M",
                                "title": "S2 | Part 2",
                                "duration": "02:47:19",
                                "jsid": 10
                            },
                            {
                                "id": "jDVZUVqRT9E",
                                "title": "S2 | Classwork 1",
                                "duration": "00:30:52",
                                "jsid": 11
                            },
                            {
                                "id": "2NfBi6yIZjg",
                                "title": "S2 | Classwork 2",
                                "duration": "00:31:42",
                                "jsid": 12
                            },
                            {
                                "id": "ok-s_Jj48pw",
                                "title": "S2 | Homework",
                                "duration": "04:13:57",
                                "jsid": 13
                            },
                            {
                                "id": "25vhepXYFXw",
                                "title": "S3 | Part 1",
                                "duration": "01:12:48",
                                "jsid": 14
                            },
                            {
                                "id": "KtOj69-JPoo",
                                "title": "S3 | Part 2",
                                "duration": "01:00:49",
                                "jsid": 15
                            },
                            {
                                "id": "YbzFIk8D-YA",
                                "title": "S3 | Homework",
                                "duration": "02:16:21",
                                "jsid": 16
                            },
                            {
                                "id": "Icd-ear_86k",
                                "title": "S4 | Skills",
                                "duration": "00:45:12",
                                "jsid": 17
                            },
                            {
                                "id": "cCn1Tb1BRrI",
                                "title": "S4 | Prestudy",
                                "duration": "00:59:20",
                                "jsid": 18
                            },
                            {
                                "id": "ktZmN_WlXnA",
                                "title": "S4 | Part 1",
                                "duration": "03:12:09",
                                "jsid": 19
                            },
                            {
                                "id": "KEvlRMS23C4",
                                "title": "S4 | Part 1 Classwork",
                                "duration": "01:23:57",
                                "jsid": 20
                            },
                            {
                                "id": "q9mPZW9nMp0",
                                "title": "S4 | Part 2",
                                "duration": "00:51:53",
                                "jsid": 21
                            },
                            {
                                "id": "ZUuFXVt0Wuo",
                                "title": "S4 | Part 2 Classwork",
                                "duration": "00:23:20",
                                "jsid": 22
                            },
                            {
                                "id": "FmSBY4aUGdI",
                                "title": "S4 | Part 3",
                                "duration": "01:06:26",
                                "jsid": 23
                            },
                            {
                                "id": "I8WnMQXgBuM",
                                "title": "S4 | Part 4",
                                "duration": "00:27:46",
                                "jsid": 24
                            },
                            {
                                "id": "BIpDqxcVI9I",
                                "title": "S4 | Homework",
                                "duration": "04:22:06",
                                "jsid": 25
                            },
                            {
                                "id": "tgurPHGumr4",
                                "title": "S5 | Part 1",
                                "duration": "01:45:28",
                                "jsid": 26
                            },
                            {
                                "id": "j6ISTmCcOAE",
                                "title": "S5 | Part 1 Classwork",
                                "duration": "00:13:50",
                                "jsid": 27
                            },
                            {
                                "id": "OUKQboyGD-g",
                                "title": "S5 | Part 2",
                                "duration": "00:54:02",
                                "jsid": 28
                            },
                            {
                                "id": "ikBR8S80KuY",
                                "title": "S5 | Part 2 Classwork",
                                "duration": "00:07:54",
                                "jsid": 29
                            },
                            {
                                "id": "yu8T-rU8bUE",
                                "title": "S5 | Part 3",
                                "duration": "01:09:52",
                                "jsid": 30
                            },
                            {
                                "id": "du25ALpAFTA",
                                "title": "S5 | Part 3 Claswork",
                                "duration": "00:06:21",
                                "jsid": 31
                            },
                            {
                                "id": "Jdr_S-vPqB8",
                                "title": "S5 | Trig",
                                "duration": "00:24:10",
                                "jsid": 32
                            },
                            {
                                "id": "QOEDrAKA3Bo",
                                "title": "S5 | Homework",
                                "duration": "08:49:37",
                                "jsid": 33
                            },
                            {
                                "id": "nkhx_UCB8X0",
                                "title": "S6 | Part 1",
                                "duration": "00:34:06",
                                "jsid": 34
                            },
                            {
                                "id": "XYhY8Hjamhk",
                                "title": "S6 | Part 1 Classwork",
                                "duration": "00:05:22",
                                "jsid": 35
                            },
                            {
                                "id": "sOToHBTag0Q",
                                "title": "S6 | Part 2",
                                "duration": "00:42:39",
                                "jsid": 36
                            },
                            {
                                "id": "uM4YDaUqGXA",
                                "title": "S6 | Part 2 Classwork",
                                "duration": "00:15:34",
                                "jsid": 37
                            },
                            {
                                "id": "Fz4gxkkHzu0",
                                "title": "S6 | Applications",
                                "duration": "01:02:41",
                                "jsid": 38
                            },
                            {
                                "id": "yGWWzKqsLK0",
                                "title": "S6 | Homework",
                                "duration": "03:31:00",
                                "jsid": 39
                            },
                            {
                                "id": "CvKWfzadL2o",
                                "title": "S7 | Part 1",
                                "duration": "02:01:41",
                                "jsid": 40
                            },
                            {
                                "id": "_Wy8zzbRCJ8",
                                "title": "S7 | Part 1 Classwork",
                                "duration": "00:28:45",
                                "jsid": 41
                            },
                            {
                                "id": "7IjtYgZOEIE",
                                "title": "S7 | Part 2",
                                "duration": "00:43:47",
                                "jsid": 42
                            },
                            {
                                "id": "5RYDePi8zdE",
                                "title": "S7 | Part 2 Classwork",
                                "duration": "00:15:19",
                                "jsid": 43
                            },
                            {
                                "id": "GHe9QuzVxPA",
                                "title": "S7 | Homework",
                                "duration": "07:26:59",
                                "jsid": 44
                            },
                            {
                                "id": "Eoe5VHyx2rs",
                                "title": "S8 | Graphs of Chapter 3",
                                "duration": "01:16:54",
                                "jsid": 45
                            },
                            {
                                "id": "OnrTMQDOPHI",
                                "title": "S8 | Classwork",
                                "duration": "01:21:27",
                                "jsid": 46
                            },
                            {
                                "id": "bkjfQ9IRuXE",
                                "title": "S8 | Homework",
                                "duration": "01:25:19",
                                "jsid": 47
                            },
                            {
                                "id": "i0LL9bysF_g",
                                "title": "S9 | Part 1",
                                "duration": "02:18:46",
                                "jsid": 48
                            },
                            {
                                "id": "a0VBRp4mdkc",
                                "title": "S9 | Part 1 Classwork",
                                "duration": "01:05:35",
                                "jsid": 49
                            },
                            {
                                "id": "XIeHKL4OwA4",
                                "title": "S9 | Part 2",
                                "duration": "00:47:13",
                                "jsid": 50
                            },
                            {
                                "id": "EqMiBZSZXbk",
                                "title": "S9 | Part 2 Classwork",
                                "duration": "00:40:40",
                                "jsid": 51
                            },
                            {
                                "id": "IWVvWVMv0R4",
                                "title": "S9  | Homework",
                                "duration": "08:21:40",
                                "jsid": 52
                            },
                            {
                                "id": "uglmO27Fsic",
                                "title": "S10 | Maxmin Part 1",
                                "duration": "02:11:20",
                                "jsid": 53
                            },
                            {
                                "id": "xw_5pWASlRM",
                                "title": "S10 | Maxmin Part 1 Classwork",
                                "duration": "00:36:29",
                                "jsid": 54
                            },
                            {
                                "id": "ONZtau7gQcg",
                                "title": "S10 | Maxmin Part 2",
                                "duration": "01:07:29",
                                "jsid": 55
                            },
                            {
                                "id": "pNpTMJ-kjCo",
                                "title": "S10 | Maxmin Part 2 Classwork",
                                "duration": "00:43:00",
                                "jsid": 56
                            },
                            {
                                "id": "-mBrR39gRTY",
                                "title": "S10 | Homework",
                                "duration": "03:08:57",
                                "jsid": 57
                            },
                            {
                                "id": "yxJoF7rs5v4",
                                "title": "Chapter 1 Summary",
                                "duration": "01:04:05",
                                "jsid": 58
                            },
                            {
                                "id": "QnJWTgBpIRo",
                                "title": "Chapter 1 Solve | Part 1",
                                "duration": "02:33:49",
                                "jsid": 59
                            },
                            {
                                "id": "B82UnD3u3uQ",
                                "title": "Chapter 1 Solve | Part 2",
                                "duration": "01:43:37",
                                "jsid": 60
                            },
                            {
                                "id": "aLc5cjbIPGg",
                                "title": "Chapter 1 Solve | Part 3",
                                "duration": "03:52:27",
                                "jsid": 61
                            },
                            {
                                "id": "PaCnxz6TuJ4",
                                "title": "Chapter 2 Summary",
                                "duration": "01:29:17",
                                "jsid": 62
                            },
                            {
                                "id": "fT8oq9m5lVU",
                                "title": "Chapter 2 Solve | Part 1",
                                "duration": "01:09:13",
                                "jsid": 63
                            },
                            {
                                "id": "zSQidqTs3_Y",
                                "title": "Chapter 2 Solve | Part 2",
                                "duration": "01:26:08",
                                "jsid": 64
                            },
                            {
                                "id": "eh4fAbk6kAc",
                                "title": "Chapter 3 Summary",
                                "duration": "03:52:42",
                                "jsid": 65
                            },
                            {
                                "id": "IxP1r5lbT7o",
                                "title": "Chapter 3 Solve | Part 1",
                                "duration": "02:54:26",
                                "jsid": 66
                            },
                            {
                                "id": "o6Oasri8CQ4",
                                "title": "Chapter 3 Solve | Part 2",
                                "duration": "01:18:07",
                                "jsid": 67
                            },
                            {
                                "id": "eBtMwcENsZA",
                                "title": "Chapter 3 Solve | Part 3",
                                "duration": "02:44:05",
                                "jsid": 68
                            },
                            {
                                "id": "R8qSIAT3m8Q",
                                "title": "Chapter 4 Summary",
                                "duration": "01:49:09",
                                "jsid": 69
                            },
                            {
                                "id": "Fclp3fmdwj0",
                                "title": "Chapter 4 Solve | Part 1",
                                "duration": "03:56:09",
                                "jsid": 70
                            },
                            {
                                "id": "3UbJtc1QP5o",
                                "title": "Chapter 4 Solve | Part 2",
                                "duration": "01:25:02",
                                "jsid": 71
                            },
                            {
                                "id": "ODa2ICaooOc",
                                "title": "Chapter 4 Solve | Part 3",
                                "duration": "03:26:21",
                                "jsid": 72
                            }
                        ],
                        "playlist_id": "PLM-GVlebsoPXrU733HavPf8k-P5h_aFFq",
                        "folder": "https://drive.google.com/drive/folders/142TCiyG-oCmkpgeLpEnHmGaRSmnN6Och?usp=drive_link"
                    }
                ],
                "description": "Statics and Calculus"
            }
        ]
    },
    "Calculus": {
        "teachers": [
            {
                "name": "Dr. Emad",
                "link": "dremad",
                "courses": [
                    {
                        "name": "Calculus 1",
                        "description": "2024",
                        "videos": [
                            {
                                "id": "NWbXHg7BnKA",
                                "title": "Calculus 1 | Lecture 1 Dr. Emad",
                                "duration": "00:52:34",
                                "jsid": 0
                            },
                            {
                                "id": "z1kqQjsUx_Y",
                                "title": "Calculus 1 | Lecture 2 Dr. Emad",
                                "duration": "00:40:38",
                                "jsid": 1
                            },
                            {
                                "id": "3KULASS6lKI",
                                "title": "Calculus 1 | Lecture 3 Dr. Emad",
                                "duration": "00:53:38",
                                "jsid": 2
                            },
                            {
                                "id": "IA6BH5id43w",
                                "title": "Calculus 1 | Lecture 4 Dr. Emad",
                                "duration": "01:10:46",
                                "jsid": 3
                            },
                            {
                                "id": "e-GDKmsAcLI",
                                "title": "Calculus 1 | Lecture 5 Dr. Emad",
                                "duration": "00:45:28",
                                "jsid": 4
                            },
                            {
                                "id": "yZJwi6Fob7Q",
                                "title": "Calculus 1 | Lecture 6 Dr. Emad",
                                "duration": "00:36:16",
                                "jsid": 5
                            },
                            {
                                "id": "lnMw1TD7x9A",
                                "title": "Calculus 1 | Lecture 7 Dr. Emad",
                                "duration": "00:21:19",
                                "jsid": 6
                            },
                            {
                                "id": "oSVLhE4DtCI",
                                "title": "Calculus 1 | Lecture 8 Dr. Emad",
                                "duration": "00:35:53",
                                "jsid": 7
                            },
                            {
                                "id": "9ZdF_H1U_HA",
                                "title": "Calculus 1 | Lecture 9 Dr. Emad",
                                "duration": "00:36:20",
                                "jsid": 8
                            }
                        ],
                        "playlist_id": "PLM-GVlebsoPVNw5BEZy-mLNn0ZiCtiEhR",
                        "folder": ""
                    }
                ],
                "description": ""
            }
        ]
    },
    "Chinese": {
        "teachers": [
            {
                "name": "Eng. Haseba Wael",
                "link": "hasebawael",
                "courses": [
                    {
                        "name": "Freshman",
                        "description": "Revisions",
                        "videos": [
                            {
                                "id": "Vt2N404CL0c",
                                "title": "S3",
                                "duration": "00:15:23",
                                "jsid": 0
                            },
                            {
                                "id": "149EUpFi0HM",
                                "title": "S4",
                                "duration": "00:09:05",
                                "jsid": 1
                            },
                            {
                                "id": "3mi4q2-gW0Q",
                                "title": "S5",
                                "duration": "00:07:23",
                                "jsid": 2
                            },
                            {
                                "id": "4f9F715iCrs",
                                "title": "S6",
                                "duration": "00:08:25",
                                "jsid": 3
                            },
                            {
                                "id": "EJOdXSqbuZI",
                                "title": "S7 | Part 1",
                                "duration": "00:05:11",
                                "jsid": 4
                            },
                            {
                                "id": "c98mHULem5A",
                                "title": "S7 | Part 2",
                                "duration": "00:04:28",
                                "jsid": 5
                            },
                            {
                                "id": "NnezqJ3eAls",
                                "title": "S8",
                                "duration": "00:05:37",
                                "jsid": 6
                            }
                        ],
                        "playlist_id": "PLM-GVlebsoPULRNcYCfCbzd2J12eowzS2",
                        "folder": ""
                    }
                ],
                "description": ""
            }
        ]
    }
}